标题,评分,评分人数,导演,主演,标签,类型,上映日期,片长,剧情简介,海报图片,制片国家/地区,语言,又名,IMDb,豆瓣url,集数
前任4：英年早婚,5.6,138512,田羽生,"韩庚, 郑恺, 于文文, 刘雅瑟, 曾梦雪, 张天爱, 朱颜曼滋, 罗米, 冯铭潮, 药一樍, 于惠, 苗艺博, 田羽生, 张栾","喜剧, 爱情",电影,2023-09-28(中国大陆),129分钟,孟云（韩庚 饰）和余飞（郑恺 饰）这对难兄难弟，在历经情场的洗礼之后，终于来到了谈婚论嫁的年纪。正在经历“分手后遗症”的孟云，面对家人的催促，带着“为什么要结婚”的疑问，开始寻找真爱；而余飞和女友丁点（曾梦雪 饰）为了应对结婚后即将产生的各种情况，自创了“结婚冷静期”，将婚后生活提前预演。两兄弟开启一场全新的爱情挑战……,https://img1.doubanio.com/view/photo/s_ratio_poster/public/p2898244180.jpg,中国大陆,汉语普通话,前任4 / 分手清单 / 前任：分手清单 / 前任攻略4 / The Ex-Files 4: Marriage Plan,tt26911640,https://movie.douban.com/subject/35358443/,1
猩球崛起：新世界 Kingdom of the Planet of the Apes,6.3,43338,韦斯·鲍尔,"欧文·泰格, 弗蕾娅·艾伦, 凯文·杜兰, 彼德·梅肯, 威廉姆·H·梅西, 艾卡·达维尔, 特拉维斯·杰弗里, 莉迪亚·佩克汉, 尼尔·桑迪兰兹, 迪辰·拉克曼, 拉斯-塞缪尔·瓦尔达布兹, 萨拉·怀斯曼, 卡琳·考诺娃, 尼娜·加拉斯, Olga Miller, Zay Domo Artist, Dmitriy Miller, Anastasia Miller","动作, 科幻, 冒险",电影,2024-05-10(美国/中国大陆),145分钟,故事设定在“猿流感”病毒蔓延全球的背景下，人类几近毁灭，而进化为高级智慧生物的猿类一跃成为食物链顶端的王者。时移世异，暴虐的猿类首领赛撒（凯文·杜兰 Kevin Durand 饰）在一片废墟中建立起猿族历史上的第一个帝国——“猩球”崛起，这是世界新秩序诞生的黎明时分。神秘的人类女孩诺娃（弗蕾娅·艾伦 Freya Allan 饰）的出现，引起了赛撒的警觉。她似乎掌握着一个巨大的秘密，不仅关乎人类的存亡，甚至可能再度颠覆整个“猩球”。被迫逃亡的诺娃在躲避赛撒军队的过程中，与青年猿类诺亚（欧文·泰格 Owen Teague 饰）的命运交汇，揭开了一段冒险的旅程。,https://img1.doubanio.com/view/photo/s_ratio_poster/public/p2905957300.jpg,美国,英语,猩球崛起4：新世界 / 猿人争霸战：猩凶帝国(港) / 猩球崛起：王国诞生(台) / 猩球崛起：王国 / 猩球崛起4 / 猩球王国 / 人猿星球国度 / 新人猿星球 / Planet of the Apes 4,tt11389872,https://movie.douban.com/subject/36069854/,1
新生,7.0,142397,申奥,"井柏然, 周依然, 王砚辉, 黄觉, 张艺凡, 彭杨, 何廖侣匀, 陈雨贤, 张炯敏, 王一舟, 宋郁河, 何英伟, 赵早儿, 翟一青, 吴任远, 王沚渊, 杨涵博","剧情, 悬疑",电视剧,2024-05-06(中国大陆),60分钟,一场关于费可（井柏然 饰）的追思会，女记者何珊（周依然 饰）与五位陌生人一同受邀。他们都跟费可有着不为人知的过往，但他们发现所认识的费可并不是同一个人。费可到底是谁？众人展开回溯，逐步揭开了关于费可的真相……,https://img2.doubanio.com/view/photo/s_ratio_poster/public/p2907845241.jpg,中国大陆,汉语普通话,费可的晚宴 / Regeneration,tt28178829,https://movie.douban.com/subject/36127872/,10
海德 하이드,5.8,763,金东辉,"李宝英, 李茂生","剧情, 悬疑, 惊悚",电视剧,2024-03-23(韩国),,该剧改编自英国作品，讲述了一个消失的人和一个追逐真相的女人的追踪惊悚故事。,https://img3.doubanio.com/view/photo/s_ratio_poster/public/p2905108882.jpg,韩国,韩语,Hide,tt31188691,https://movie.douban.com/subject/36382119/,12
狼狩猎 늑대사냥,5.8,17828,金泓善,"徐仁国, 张东润, 成东日, 崔奎华, 朴浩山, 丁文晟, 金嫝勋, 林周焕, 郑素敏, 权秀贤, 张荣男","动作, 科幻, 惊悚, 犯罪",电影,2022-09-16(多伦多电影节),122分钟,故事叙述在移送罪大恶极的罪犯们到韩国的过程中，遭遇前所未有的极端状况，船上的人们必须设法活到最后！,https://img9.doubanio.com/view/photo/s_ratio_poster/public/p2880666716.jpg,韩国,韩语 / 日语 / 英语,猎狼代号：尸杀号(港) / 行动代号：狼狩猎(台) / Project Wolf Hunting,tt15575470,https://movie.douban.com/subject/35426373/,1
亚洲怪谈 第二季 Folklore Season 2,5.8,1930,廖士涵,"宋芸桦, 吴慷仁, 森崎温, 高桥春织, 元冬树, 木村多江, 詹尼斯·奥普拉斯特, 多莉·德莱昂, 莉迪亚·坎多, 王欣, 林明伦, 吴启恩","剧情, 悬疑, 恐怖",电视剧,2021-11-14(美国),,HBO亚洲剧集《亚洲怪谈》第二季共6集，每集的故事素材源于亚洲各地区不同的恐怖传说，包括中国台湾、日本、泰国、菲律宾、印度尼西亚和新加坡。,https://img3.doubanio.com/view/photo/s_ratio_poster/public/p2711178217.jpg,美国,汉语普通话 / 日语 / 泰语 / 菲律宾语 / 印度尼西亚语 / 英语,民俗怪谈 / 新亚洲诡谈,tt16194440,https://movie.douban.com/subject/35273098/,7
乌鸦的拇指 カラスの親指,7.7,13183,伊藤匡史,"阿部宽, 石原里美, 村上昭二, 能年玲奈, 小柳友","剧情, 悬疑",电影,2012-11-23(日本),160分钟,"武泽竹夫（阿部宽 饰），绰号“老武”，人过中年的他是一个有着丰富经验的职业欺诈师，他与貌不惊人并且反应迟钝的入川铁巳“老铁”（村上昭二 饰）不打不相识，将后者引入行与自己结为搭档，穿行于都市的各个角落，银行、赛马场、当铺随处可见他们行骗的身影。拥有不堪回首过去的二人相互扶持，在底层过着不咸不淡的生活。某天，这对搭档与姐妹花河合八寻（石原里美 饰）、河合真寻（能年玲奈 饰）以及男孩石屋贯太郎（小柳友 饰）的人生发生交集。五个人生处于最底层的人，组成了一个略显别扭的临时家庭，他们朝着人生的转折点携手前进……
                                    
                                　　本片根据2011年直木赏得主道尾秀介的同名原著改编。",https://img2.doubanio.com/view/photo/s_ratio_poster/public/p1795123431.jpg,日本,日语,Karasu no oyayubi / Crow's Thumb,tt2005255,https://movie.douban.com/subject/6889533/,1
疯狂绑架,,,张冰寒,"杜奕衡, 钟祺, 大力, 裴魁山, 石天龙, 曲艺, 舒杨, 赵志喆, 邓橙子",悬疑,电影,2024-04-21(中国大陆),96分钟,杜奕衡在电影《疯狂绑架》中挑战的角色是才子画家，粉丝认为这与他之前银幕形象有180度大反转。,https://img3.doubanio.com/view/photo/s_ratio_poster/public/p2906984272.jpg,中国大陆,汉语普通话,,无,https://movie.douban.com/subject/27195124/,1
破墓 파묘,6.7,128443,张在现,"崔岷植, 金高银, 柳海真, 李到晛, 全镇基, 洪瑞俊, 郑允荷, 金宰澈, 尹正勋, 李英兰, 李钟求, 白承哲, 朴智一, 朴正子, 薛昌熙","悬疑, 惊悚, 恐怖",电影,2024-02-16(柏林电影节),134分钟,"在美国生活的某个富裕家庭身上持续发生奇怪的超自然现象，因此他们请来了在巫师之中著名的年轻巫师花林（金高银 饰）和奉吉（李到晛 饰）。
                                    
                                　　花林和奉吉到达那个地方后救助了刚刚出生的婴儿，明白了他们祖先黑暗的影子正在降临于那家人身上的事实。
                                    
                                　　花林和奉吉持续调查，为了驱除祖先向最棒的风水师尚德（崔岷植 饰）和入殓师荣根（柳海真 饰）请求帮助。惊讶的是那块墓地在韩国的某个偏僻村庄的阴凉之处被发现，最终进行破墓。但是破墓的同时，坟墓下方的不吉之气开始爆发……",https://img1.doubanio.com/view/photo/s_ratio_poster/public/p2905896429.jpg,韩国,韩语 / 日语 / 英语,The Unearthed Grave / Exhuma,tt27802490,https://movie.douban.com/subject/35490167/,1
迷案寻凶,,,张杰,"卢冠东, 翟璘, 宋宗轩, 穆建荣","剧情, 悬疑",电影,2024-04-07(中国大陆),,生活中某些失意者、变态们通过互联网聚集在一起，导致某市近期频繁发生女性被绑架被杀害，受害者都是年轻女性，生活富足且都有一段见不得人的秘密情事。最终警方拨开层层迷雾将凶犯们逼出、擒获、击毙。,https://img1.doubanio.com/view/photo/s_ratio_poster/public/p2906704520.jpg,中国大陆,汉语普通话,Hunting by Criminal Profiling,tt32083336,https://movie.douban.com/subject/36847651/,1
海市蜃楼 Durante la tormenta,7.6,379358,奥里奥尔·保罗,"阿德里亚娜·乌加特, 奇诺·达林, 阿尔瓦罗·莫奇, 诺拉·纳瓦斯, 米格尔·费南德斯, 哈维尔·古铁雷斯, 克拉拉·塞古拉, 米玛·里埃拉, 艾娜·克洛特, 阿尔伯特·佩雷斯, 胡里奥·博伊加斯-库托, 露娜·馥尔亨西奥, 露丝·略皮斯, 弗兰塞斯克·奥雷利亚, 阿娜·瓦格纳, 西尔维亚·阿隆索, 贝伦·鲁埃达","科幻, 悬疑, 惊悚",电影,2019-03-28(中国大陆),128分钟,"小男孩尼克（胡里奥·博希加斯 Julio Bohigas-Couto 饰）在一个风雨交加的夜晚目睹了邻居安吉尔（哈维尔·古铁雷斯 Javier Gutiérrez 饰）杀害自己妻子的场面。在和安吉尔的追逐之中，一辆车将尼克撞倒，导致了他的死亡。一晃眼多年过去，薇拉（阿德丽安娜·尤加特 Adriana Ugarte 饰）和丈夫大卫（阿尔瓦罗·莫奇 Álvaro Morte 饰）带着他们的女儿住进了尼克曾经居住过的房子。
                                    
                                　　有一个电闪雷鸣的夜晚，薇拉意外的在电视里看到了尼克，让薇拉感到震惊的是，自己似乎能够通过电视和25年前的尼克对话。在薇拉的告诫之下，尼克免于一死，但过去的改变也牵连着薇拉的生活发生了巨变。大卫不再是薇拉的丈夫，而他们的女儿自然也不复存在。",https://img9.doubanio.com/view/photo/s_ratio_poster/public/p2551172384.jpg,西班牙,西班牙语,幻象(台) / 暴风雨的幻象 / 风暴 / During the Storm / Mirage,tt6908274,https://movie.douban.com/subject/30164448/,1
超能奇才 Prodigy,5.9,1145,艾历克斯·豪希,"理查德·尼尔, 萨凡纳莱尔斯, 乔琳·安德森, Emilio Palame, David Linski, Harvey Q. Johnson, Aral Gribble, Avery Barkdull, Trevor Castillo, Penelope Figueroa, Markus Haskins, Christina Holder, Alexandra Matthew","科幻, 惊悚",电影,2017-03-04(Cinequest电影节),80分钟,讲述一位心理学家在一场斗智斗勇的战斗中与一位危险的年轻天才进行交往 - 她不知道女孩拥有的超自然力量，或者她的生命处于平衡状态。心理学家吉米，负责治疗一个危险的小天才，殊不知她拥有超自然力量，但生命却危在旦夕……,https://img9.doubanio.com/view/photo/s_ratio_poster/public/p2516970354.jpg,美国,英语,神童,tt5017936,https://movie.douban.com/subject/30163472/,1
敲敲门 Knock Knock,5.1,12223,伊莱·罗斯,"安娜·德·阿玛斯, Lorenza Izzo, 亚伦·伯恩斯","惊悚, 恐怖",电影,2015-01-23(圣丹斯电影节),99分钟,"小有名气的建筑师埃文·韦伯（基努·里维斯 Keanu Reeves 饰）事业有成，生活美满。他住在洛杉矶一套亲手设计的别墅中，妻子凯伦（伊格纳西·阿尔曼德 Ignacia Allamand 饰）美艳动人，一双儿女杰克（Dan Baily 饰）和莉莎（Megan Baily 饰）乖巧可爱。某个假日，凯伦驱车带着孩子们外出度假，留下埃文一人在家中工作。瓢泼大雨之夜，艾文突然听到了敲门声。来者是被淋成落汤鸡的女孩贝尔（安娜·德·阿玛斯 Ana de Armas 饰）和吉妮丝（洛伦扎·伊佐 Lorenza Izzo 饰），他们迷失方向，请求埃文提供帮助。两个女孩就像善解人意又诱惑媚人的小妖精，让埃文多少有些把持不住。
                                    
                                　　色字头上一把刀，世间哪有从天而降的美食和便宜……",https://img9.doubanio.com/view/photo/s_ratio_poster/public/p2266606454.jpg,智利 / 美国,英语,半夜女敲门(港) / 当辣妹来敲门(台) / 危险拜访 / 扣扣,tt3605418,https://movie.douban.com/subject/25860868/,1
釜山行2：半岛 부산행2-반도,5.1,133253,延尚昊,"姜栋元, 李贞贤, 权海骁, 李来, 金敏载, 具教焕, 金度允, 李艺媛, 张素妍, 文宇振, 丹尼尔·乔伊·奥尔布赖特, 车始元, Pierce Conran, 特莉·多蒂, Geoffrey Giuliano, Christopher Gordon, Yeon-hee Hwang","动作, 惊悚, 恐怖",电影,2020-07-15(韩国),115分钟,"故事承接上一部，开完釜山的列车带来丧尸病毒。转眼四年过去，病毒蔓延全国，朝鲜半岛遭到全世界遗弃。退伍军人正锡（姜东元 饰）在最后时刻带着家人们登上难民船，谁知船上依然混入了被感染者，悲剧再度上演。最终，难民船改道开往中国香港，侥幸逃生的正锡以难民身份在这座城市的最底层艰难求生。偶然机缘，他接到一个“地下任务”，美国人在韩国遗失了巨额现金，亟需有人能够潜入这片死亡区域把钱取回来，与此同时这些人能够取得丰厚报酬。看在钱的份上，正锡和一群同伴踏上了这片熟悉而又陌生的土地。
                                    
                                　　夜幕降临的韩国，四周一片死寂，而那些沉睡良久的丧尸，似乎正等待着“食物”的到来……",https://img3.doubanio.com/view/photo/s_ratio_poster/public/p2610358497.jpg,韩国,韩语 / 英语 / 粤语,釜山行2 / 半岛 / 尸杀半岛(港) / 尸速列车：感染半岛(台) / Peninsula / Train to Busan 2,tt8850222,https://movie.douban.com/subject/30299515/,1
哈奴曼 Hanu Man,5.2,277,Prasanth Varma,"特贾·萨贾, Amritha Aiyer, 瓦拉拉克什米·萨拉特库马尔, 维奈莱, 维尼拉·基肖尔, 塞缪拉卡尼, Satya, Getup Srinu, Deepak Shetty, 拉维·泰贾, Koushik Mahata, 巴努·普拉卡什","动作, 奇幻, 冒险",电影,2024-01-12(印度),158分钟,An imaginary place called Anjanadri where the protagonist gets the powers of Hanuman and fights for Anjanadri.,https://img2.doubanio.com/view/photo/s_ratio_poster/public/p2902217941.jpg,印度,印地语 / 马拉雅拉姆语 / 卡纳达语 / 泰米尔语 / 英语 / 日语 / 汉语普通话 / 西班牙语 / 韩语 / 泰卢固语,,tt15433956,https://movie.douban.com/subject/36214327/,1
被我弄丢的你,5.9,57304,韩琰,"檀健次, 张婧仪, 蒋龙, 刘恋, 夏力薪, 侯长荣, 吴玉芳, 果靖霖, 黄小蕾, 张大大, 任彬, 孙芮","剧情, 爱情",电影,2024-03-08(中国大陆),112分钟,"影片改编自郑执原著小说《被我弄丢两次的王斤斤》。
                                    
                                　　2010年夏天，高考考场上，白晓宇（檀健次 饰）第一次遇见王斤斤（张婧仪 饰），就把她给“弄丢”了。
                                    
                                　　四年后，他们在毕业季的求职人潮中意外重逢，然后相恋。
                                    
                                　　2018年，相识八年、相爱五年的他们站在婚姻的门前踌躇不前了。
                                    
                                　　他们彼此相爱却又难逃现实的重重羁绊，白晓宇会再一次 弄丢王斤斤吗……",https://img2.doubanio.com/view/photo/s_ratio_poster/public/p2903285621.jpg,中国大陆,汉语普通话,被我弄丢两次的王斤斤 / I Miss You,tt30460177,https://movie.douban.com/subject/36173827/,1
功夫熊猫4 Kung Fu Panda 4,6.3,75826,迈克·米切尔,"杰克·布莱克, 奥卡菲娜, 维奥拉·戴维斯, 达斯汀·霍夫曼, 布莱恩·克兰斯顿, 吴汉章, 伊恩·麦柯肖恩, 关继威, 钱信伊, 洛瑞·坦·齐恩, 塞斯·罗根, 吉米·唐纳森, 詹姆士·谢, 塞德里克·亚伯勒, 艾普尔·洪, 塞塞·瓦伦蒂娜, James Murray, Vic Chao, Audrey Brooke, Lincoln Nakamura","喜剧, 动作, 动画, 奇幻, 冒险",动漫,2024-03-22(中国大陆),94分钟,神龙大侠阿宝（杰克·布莱克 Jack Black 配音）再度归来，要被师父（达斯汀·霍夫曼 Dustin Hoffman 配音）强行进阶修行。系列全新最强反派魅影妖后（维奥拉·戴维斯 Viola Davis 配音）登场，神秘莫测的她可以幻化成每一个阿宝的昔日宿敌。此次阿宝又结识了小真（奥卡菲娜 Awkwafina 配音）等新伙伴，并将一同开启这场冒险旅程。,https://img3.doubanio.com/view/photo/s_ratio_poster/public/p2903578097.jpg,美国 / 中国大陆,英语,,tt21692408,https://movie.douban.com/subject/26715496/,1
拯救嫌疑人,5.8,141356,张末,"张小斐, 李鸿其, 惠英红, 王子异, 洪浚嘉, 尹子维, 包上恩, 王弋萱, 汤镇业, 刘欢, 来喜","剧情, 悬疑, 犯罪",电影,2023-11-01(中国大陆),119分钟,"某东南亚国家，华人律师陈智琪（张小斐 饰）正值事业的巅峰期，她所向披靡，连续累积了三十场不败的辩护纪录，名声在业内和社会上广为人知的同时，也遭受着来自检方和原告的质疑与咒骂。平日里忙于工作的她，终于抽出空参加女儿恩恩（王弋萱 饰）的幼儿园运动会，可谁曾想女儿就在众目睽睽被人绑架。在此之后，智琪惶恐不已，而警方不以为意的态度更令她失望无助。没过多久，神秘人送来女儿的照片和一部手机，并通过电话要求他五天之内为一审被判处死刑的青年丹温（洪浚嘉 饰）做无罪辩护，否则就要撕票。
                                    
                                　　无奈之下，智琪只得接收这桩案子，并找来正被停职的发小——刑警金志雄（李鸿其 饰）协助调查辩护证据。争分夺秒，正邪对立，又对错莫辨……",https://img9.doubanio.com/view/photo/s_ratio_poster/public/p2900091126.jpg,中国大陆,汉语普通话 / 英语,中国版七天 / Last Suspect / Who's The Suspect,tt20836144,https://movie.douban.com/subject/35875180/,1
蜘蛛夫人：超感觉醒 Madame Web,4.5,21609,S·J·克拉克森,"达科塔·约翰逊, 西德尼·斯维尼, 伊莎贝拉·莫塞德, 塞莱斯特·奥康纳, 塔哈·拉希姆, 亚当·斯科特, 艾玛·罗伯茨, 凯瑞·碧许, 迈克·艾普斯, 佐莎·马梅特, 何塞·马利亚·亚兹皮克, 凯西-安·哈特, 乔什·德伦宁, 尤马·费德曼, 米兰达·阿德克杰, 黛德利·麦克科特, 纳希姆·加西亚, 吉尔·亨内斯, 萝丝玛丽·克里普, 布莱恩·法赫蒂","动作, 科幻, 冒险",电影,2024-03-01(中国大陆),116分钟,电影讲述了漫威漫画中最神秘的女超级英雄的起源故事。急救护工凯茜（蜘蛛夫人，达科塔·约翰逊 Dakota Johnson 饰）因一场意外发现自己能够预知未来，在探寻能力起源的过程中，她与三位蜘蛛女的命运紧密联结在一起。面对反派“毒蜘蛛”以西结的追杀，蜘蛛夫人试图找明原因。穿梭在时间线中的她们将如何利用预知未来的能力改变世界命运？,https://img9.doubanio.com/view/photo/s_ratio_poster/public/p2903717056.jpg,美国,英语,蜘蛛夫人(港/台) / 蜘蛛女：超感觉醒,tt11057302,https://movie.douban.com/subject/34846514/,1
唐人街探案2,6.1,62314,姚文逸,"邱泽, 尚语贤, 杨谨华, 钟镇涛, 俞灏明, 张艺上, 熊黛林, 翁虹, 邓恩熙, 荣梓杉, 王宝强, 刘昊然, 肖央, 张钧甯, 托尼·贾, 杜德伟, 吕颂贤, 连凯, 马浴柯, 周楚濋, 傅隽, 楼学贤, 王乙, 易天雄, 鹤男, 恬妞, 徐东, 孟芷旭, 赵永洪, 何昕霖, 张世, 李星瑶, 闵健, 王以纶, 饶雪晶, 张熙然, 孙伊涵, 唐文龙, 蒋昀霖, 岳辛, 尹子维","悬疑, 犯罪",电视剧,2024-02-29(中国大陆),45分钟,“唐探宇宙”原班人马惊喜回归，四个全新悬疑推理单元《天使的旋律》《恶魔的呼吸》《游乐园》《黄金城》。城市之间罪恶涌动，侦探林默（邱泽 饰）、Kiko（尚语贤 饰）谜案穿梭各显神通。2024，CRIMASTER侦探排行榜重新洗牌。,https://img9.doubanio.com/view/photo/s_ratio_poster/public/p2905094554.jpg,中国大陆,汉语普通话,唐人街探案 第二季 / 唐人街探案网剧2 / 唐探2 / Detective Chinatown2,tt22475188,https://movie.douban.com/subject/35626867/,16
周处除三害 周處除三害,8.1,937393,黄精甫,"阮经天, 袁富华, 陈以文, 王净, 谢琼煖, 李李仁, 刘子铨, 曾珮瑜, 陈秉佑, 游安顺, 郑有杰, 盛鉴, 吴奕蓉, 黄迪扬, 曾向镇, 沈威年, 杨迦恩, 曾皓泽, 郑永岳, 张启乐, 苏耀庭, 练家豪, 李明哲, 廖威迪, 罗振佑, 王又正, 林君柔, 黄瀚德, 刘子朋, 罗能华, 许莉廷, 林瑞华, 刘禾育, 郭容腾, 李年雄, 许德城, 黄惠卿, 刘昕昊","动作, 犯罪",电影,2024-03-01(中国大陆),134分钟,"通缉犯陈桂林（阮经天 饰）在逃亡藏匿中失去最后一个亲人，同时得知自己只有不到三个月的生命。万念俱灰的他原打算投案自首，可是当发现他在三大通缉犯中仅仅排名第三时，内心突然躁动起来。在此之后，他决定仿效古时候周处除三害的故事，临终之际要在江湖上留下他的传奇名号。通过地下医生张贵卿（谢琼煖 饰），陈桂林找到了分别排名第二和第一的香港仔（袁富华 饰）和牛头的线索，随后踏上征途。贪嗔痴，三毒熬煎，红尘混沌之人，被业障缠绕，永远无法跳脱因果轮回……
                                    
                                　　电影引用的“周处除三害”典故，见于《晋书·周处传》和《世说新语》。",https://img3.doubanio.com/view/photo/s_ratio_poster/public/p2905021483.jpg,中国台湾,汉语普通话 / 闽南语 / 粤语,"The Pig, the Snake, and the Pigeon",tt29319990,https://movie.douban.com/subject/36151692/,1
照明商店,6.2,92969,蔡耳朵,"章若楠, 白宇帆, 刘奕君, 黄澄澄, 柳岩, 张琪, 孙美林, 陈思诺, 郑恺, 孙千, 曹炳琨, 海陆, 许童心, 蔡耳朵","剧情, 悬疑, 奇幻",电影,2023-12-08(中国大陆),99分钟,"深巷的尽头，一间“照明商店”长年亮着灯，神秘的老板（刘奕君 饰）细心擦拭着每一个灯泡，形形色色的客人络绎不绝。护士许念（章若楠 饰）和男友郑满（白宇帆 饰）新搬进了商店附近的公寓。她渐渐发现，这里的每一个人，心底都有一个不可言说的秘密。暴风雨之夜，她走进了巷尾的照明商店，答案渐渐被揭开……
                                    
                                　　影片改编自姜草同名漫画《照明商店》。",https://img9.doubanio.com/view/photo/s_ratio_poster/public/p2901397955.jpg,中国大陆,汉语普通话,Love Life Light / The Shop of the Lamp,tt29552831,https://movie.douban.com/subject/36086210/,1
一人之下·锈铁重现,6.5,8569,陈烨,"曹云图, 小连杀","动画, 奇幻",动漫,2024-02-15(中国大陆),70分钟,"张楚岚和冯宝宝二人所在的哪都通公司派遣了一个特别任务﹣﹣护送昔日的宝刀""蛭丸""到边境，完成和瀛国石川家一个几十年的约定。张楚岚和冯宝宝将面对陌生的队友、冬日恶劣的北地天气和虎视眈眈的夺刀强敌。一场""蛭丸""保卫战在林海雪原打响。",https://img3.doubanio.com/view/photo/s_ratio_poster/public/p2904308777.jpg,中国大陆,汉语普通话,一人之下剧场版：锈铁篇,无,https://movie.douban.com/subject/36645798/,1
缉恶,5.7,8624,霍穗强,"谢苗, 安志杰, 连凯, 洪爽, 尹聪, 顾靖, 李梓嘉, 韩锐, 梁俊一, 吴靖萱, 刘萨萨","剧情, 动作, 犯罪",电影,2024-02-12(中国大陆网络),103分钟,影片讲述了缉毒警察黄铭金与“神秘人”魏云周，通过完全不同的手段和方式，在相互之间的谋算与角力过程中，撕开了城市粉饰太平的面纱，揭露幕后黑手“隆王”编织的地下毒网，最终以正义之利剑铲除黑暗、终见曙光的故事。,https://img2.doubanio.com/view/photo/s_ratio_poster/public/p2904076731.jpg,中国大陆,汉语普通话,Hunt The Wicked,tt31704401,https://movie.douban.com/subject/36402338/,1
创可贴 반창꼬,7.3,46038,郑基训,"高洙, 韩孝周, 安智惠, 刘弼兰, 金成伍, 马东锡, 赵敏基, 金英熊, 吴秀敏, 郑镇荣, 玄朱妮, 陈瑞妍","剧情, 喜剧, 爱情",电影,2012-12-19(韩国),120分钟,"消防员与医生，两种不同的职业，性质却是一样的，都是救人于水火之中。但同样的，身处这两种职业的人们也需要被治愈，需要创口贴来愈合伤口。
                                    
                                　　作为消防员的姜一（高修 饰）整日穿梭于大街小巷，拯救他人生命，可却挽救不了妻子的生命；大大咧咧，看似没心没肺的女医生美秀（韩孝珠 饰）内心却因为一次医疗事故而封闭了自己。二位满身伤口的人相遇于一次救助行动，美秀被姜一所吸引，大胆展开了追求，熊熊烈火，冰山也会渐渐融化。每日都与死亡打交道，但也见证生命的力量和奇迹的诞生，让二人更加体会到生存的意义和眼前人的珍贵，在一来一往中，互相抚慰了内心的伤痛，成为了彼此伤口的创口贴。",https://img1.doubanio.com/view/photo/s_ratio_poster/public/p1768410538.jpg,韩国,韩语,创口贴 / 真爱911 / Love 911 / Banchangkko,tt2592808,https://movie.douban.com/subject/10439235/,1
今夜，就算这份爱恋从世界上消失 今夜、世界からこの恋が消えても,7.8,45665,三木孝浩,"道枝骏佑, 福本莉子, 古川琴音, 松本穗香, 萩原圣人, 野波麻帆, 水野真纪, 野间口彻, 前田航基, 西垣匠","剧情, 爱情",电影,2024-05-18(中国大陆),122分钟,"为了阻止同班同学遭受霸凌，阳光大男孩神谷透（道枝骏佑 饰）被霸凌者们指示去向同级生日野真织（福本莉子 饰）表白。原本想看神谷的笑话，谁知真织居然真得答应了下来。此后神谷惴惴不安，试图解释，而真织干脆提出不如假戏真做，并且提出了三个略显奇怪的交往条件。神谷当然不知道，眼前的女孩正经历怎样匪夷所思的人生。一场车祸，导致真织患上了顺行性遗忘症，一觉醒来她无法想起之前发生的事，只能靠着墙上的提示和手边的日记恶补过去一段时间的点点滴滴。而为了防止有人借此欺负真织，这个秘密只有她的父母以及最信赖的好友小泉（古川琴音 饰）知晓。于是，这段充满未知和新奇的恋爱悄然开始，少男少女面带笑容，不知明天归往何处……
                                    
                                　　本片根据一条岬的同名原著小说改编。",https://img3.doubanio.com/view/photo/s_ratio_poster/public/p2908150912.jpg,日本,日语,今夜，就算这份爱从世上消失 / 即使今夜，这段恋情将从世上消失 / 即使这份爱今夜从世上消失(港) / Even If This Love Disappears Tonight,tt21115444,https://movie.douban.com/subject/35772573/,1
首尔之春 서울의 봄,8.8,189945,金成洙,"黄政民, 郑雨盛, 李星民, 朴解浚, 金成畇, 朴勋, 安世镐, 郑栋焕, 金义城, 徐光载",剧情,电影,2023-11-22(韩国),141分钟,"1979年10月26日，时任韩国总统的朴正熙被自己的亲信射杀，局势顿时波谲云诡。为调查此事，陆军保安司令官全斗光（黄政民 饰）被任命为联合调查总部部长，而这个天生反骨的男人趁机扩大自己的势力，拉帮结伙，培植亲信，狼子野心昭然若揭。为了牵制全斗光，参谋总长任命将军李泰信（郑雨盛 饰）担任首都警备司令官，以防肘腋之变。与此同时，全斗光感受到来自总长的威胁，于是纠集亲信密谋逮捕总长，试图先下手为强。谁曾想全的人马急于求成，在未能逼迫代总统签署逮捕令之前便展开行动。成王败寇，一旦失败就会成为韩国的叛国者。一不做二不休的全斗光索性揭竿而起。
                                    
                                　　而孤军奋战的李泰信，将秉承最朴素的信念与叛军展开对抗……",https://img2.doubanio.com/view/photo/s_ratio_poster/public/p2900335741.jpg,韩国,韩语,12.12：首尔之春(台) / 12.12: The Day,tt22507524,https://movie.douban.com/subject/35712804/,1
"两杆大烟枪 Lock, Stock and Two Smoking Barrels",9.1,625635,盖·里奇,"杰森·弗莱明, 德克斯特·弗莱彻, 尼克·莫兰, 杰森·斯坦森, 斯蒂文·麦金托什, 尼古拉斯·罗尔, 维尼·琼斯, 蓝尼·麦克林, P.H.莫里亚蒂, 弗兰克·哈珀, 史蒂夫·斯威尼, 哈吉·利弗, 罗尼·福克斯, 斯蒂芬·马库斯, 瓦斯·布莱克伍德, 斯汀, 杰克·亚伯拉罕, 罗伯·布莱顿, 薇拉·黛, 阿兰·福德, 席德·戈尔德, 丹尼·约翰-儒勒, 维克多·麦奎尔, 安德鲁·蒂曼, 马修·沃恩, 布拉德·雅各布维茨","剧情, 喜剧, 犯罪",电影,1998-08-28(英国),107分钟,"艾迪（尼克·莫伦）思维敏捷，是个玩牌高手。在三个好友的支持下，艾迪携巨资参加了黑社会的高额赌局，不想落入圈套，欠下50万的赌债。为了还清赌债，艾迪和朋友们绞尽脑汁，最终算计到一群毒贩身上，并为打劫购买了两杆老式烟枪。
                                    
                                　　不想这群不安分的毒贩，正惦念着他们毒品供应商的钱，并在同一天实施了打劫。在毒贩们费尽周折，把毒品供应商熨的整整齐齐的钱款拿到手后，艾迪他们幸运的坐享其成。可是他们不知道，这看似简单的抢劫案背后，更有厉害的角色参与其中。他们手里的两杆破烟枪也隐藏着不少故事。
                                    
                                　　在无知与莽撞中置身漩涡的他们能侥幸脱身么？笑料迭出的偶发事件里，穿插着小人物与大人物的辛酸幽默。",https://img1.doubanio.com/view/photo/s_ratio_poster/public/p792443418.jpg,英国,英语,够姜四小强(港) / 两根枪管(台) / 两只老烟枪 / 魔高一丈 / 两杆老烟枪,tt0120735,https://movie.douban.com/subject/1293350/,1
隔山有眼2 The Hills Have Eyes II,6.4,25412,马丁·韦兹,"麦克·麦克米兰, 杰西卡·斯特普, 丹妮拉·阿隆索, 迈克尔·贝利·史密斯, 德里克·梅耶斯","惊悚, 恐怖",电影,2007-03-23(美国),89 分钟,美国新墨西哥州的炎热荒地里，经常发生神秘失踪事件，又因其与世隔绝，里面的凄惨故事很难为外界所知。在卡特家族误入变异食人魔领地惨遭杀戮之后一年，一行八人的国防护卫队士兵又被排到这片戈壁滩执行训练任务。在其余六人被派到山里时，剩下被罚站的法国裔士兵拿破仑（麦克·麦克米兰 Michael McMillian 饰）与金发女兵安博尔（杰西卡·斯托普 Jessica Stroup 饰）在基地留守。异状很快发生，厕所里面伸出一只可怕的手，一位全身被粪便入侵的科学家爬了出来，留下一句“小心他们”就死去了，安博尔坚持上山寻找其他人发出警告，怎料变异食人魔们早就在错综复杂的山道布下天罗地网，等待倒霉的猎物们前来送死……,https://img1.doubanio.com/view/photo/s_ratio_poster/public/p1501507869.jpg,美国,英语,深山大屠杀2 / 魔山2: 隔山有眼,tt0800069,https://movie.douban.com/subject/1839857/,1
目中无人2,7.3,43708,杨秉佳,"谢苗, 杨恩又, 黄涛, 裴魁山, 班玛加, 刘峰超, 强巴才丹, 萧松原, 江易轩, 张皓森","动作, 武侠, 古装",电影,2024-02-10(中国大陆网络),90分钟,武艺高强的盲眼捉刀人成瞎子（谢苗 饰）偶然救下了惨遭灭门的张小渔（杨恩又 饰）。在孤儿小渔的软磨硬泡下，成瞎子无奈将其留在身边并教其本领，小渔也等待着时机准备复仇……,https://img2.doubanio.com/view/photo/s_ratio_poster/public/p2904299381.jpg,中国大陆,汉语普通话,目中无人：以眼还眼 / Eye for an Eye 2,tt30972810,https://movie.douban.com/subject/36212386/,1
非诚勿扰3,5.4,111254,冯小刚,"葛优, 舒淇, 范伟, 姚晨, 李诚儒, 关晓彤, 虞书欣, 岳云鹏, 常远, 邬逸聪, 张涵予, 王宝强, 易小星, 吕行, 张磊","喜剧, 爱情, 科幻",电影,2023-12-30(中国大陆),119分钟,"2031年，已经步入老年的秦奋（葛优 饰）不再折腾，独自守在他和笑笑（舒淇 饰）小家中，等待着十年前突然离开自己投身环保事业的妻子倦鸟归林。曾经的旧友老范（范伟 饰）抓住人工智能的风口商机，创立了一家仿真人的高科技公司。为了排解生活中的寂寞，秦奋订做了和笑笑一模一样的仿真人。仿真人笑笑对主人高度服从，体贴入微，虽然让秦奋倍感喜悦，可是他终究思念那个让他深深爱恋却又颇感畏惧的真正妻子。就在他再次找到老范的公司，期望为仿真人修改性格的那一天，笑笑意外归来。当她得知一个仿真人正在陪伴着秦奋，她的脑中闪过了一个念头。
                                    
                                　　不久之后，两个笑笑接连走入秦奋的家门……",https://img1.doubanio.com/view/photo/s_ratio_poster/public/p2902243978.jpg,中国大陆,汉语普通话,征婚启事 / If You Are the One III,tt30253936,https://movie.douban.com/subject/26769592/,1
创可贴 반창꼬,7.3,46038,郑基训,"高洙, 韩孝周, 安智惠, 刘弼兰, 金成伍, 马东锡, 赵敏基, 金英熊, 吴秀敏, 郑镇荣, 玄朱妮, 陈瑞妍","剧情, 喜剧, 爱情",电影,2012-12-19(韩国),120分钟,"消防员与医生，两种不同的职业，性质却是一样的，都是救人于水火之中。但同样的，身处这两种职业的人们也需要被治愈，需要创口贴来愈合伤口。
                                    
                                　　作为消防员的姜一（高修 饰）整日穿梭于大街小巷，拯救他人生命，可却挽救不了妻子的生命；大大咧咧，看似没心没肺的女医生美秀（韩孝珠 饰）内心却因为一次医疗事故而封闭了自己。二位满身伤口的人相遇于一次救助行动，美秀被姜一所吸引，大胆展开了追求，熊熊烈火，冰山也会渐渐融化。每日都与死亡打交道，但也见证生命的力量和奇迹的诞生，让二人更加体会到生存的意义和眼前人的珍贵，在一来一往中，互相抚慰了内心的伤痛，成为了彼此伤口的创口贴。",https://img1.doubanio.com/view/photo/s_ratio_poster/public/p1768410538.jpg,韩国,韩语,创口贴 / 真爱911 / Love 911 / Banchangkko,tt2592808,https://movie.douban.com/subject/10439235/,1
荒野 황야,5.7,19628,许明行,"马东锡, 李熙俊, 李濬荣, 卢正义","动作, 科幻, 悬疑, 惊悚",电影,2024-01-26(韩国网络),107分钟,在首尔变成一片末日荒野数年后，一名坚韧猎人所亲近的少女被进行人体实验的疯狂医生绑架，他于是前去解救。,https://img2.doubanio.com/view/photo/s_ratio_poster/public/p2903276881.jpg,韩国,韩语,乌有之地 / 荒野之地 / 混凝土乌托邦2 / 荒原猎人 / Wilderness / Badland Hunters,tt29722855,https://movie.douban.com/subject/35752369/,1
十万分之一 10万分の1,5.5,426,三木康一郎,"白滨亚岚, 平祐奈, 优希美青, 白洲迅, 奥田瑛二",爱情,电影,2020-11-27(日本),112分钟,"高校2年生の桜木莉乃は、中学からの仲良しグループの男子・桐谷蓮が好き。
                                    
                                　　モテる桐谷に、自分の性格も身体も好きになれない莉乃は、気後れしてばかり。
                                    
                                　　――女友達のままでいいんだ、本当の私を知って、嫌われたくないし――
                                    
                                　　諦めようとしても、桐谷が「かわいい」「オレのことどう思ってる？」と思わせぶりなことばかりするから、やっぱりこの恋、止められなくて…！
                                    
                                　　――そんな莉乃自身も、まだ誰も、気付いていない。
                                    
                                　　少しずつ、でも確実に莉乃の身体は手も足も、やがて全身が、まったく動かせなくなってしまうことに…
                                    
                                　　この病いの名は、ALS（筋萎縮性側索硬化症）――
                                    
                                　　「10万分の1」――ピュアラブの名手・宮坂香帆が挑む、残酷で幸福な運命の物語。",https://img1.doubanio.com/view/photo/s_ratio_poster/public/p2616917520.jpg,日本,日语,One in a Hundred Thousand,tt13108292,https://movie.douban.com/subject/30335239/,1
恐怖直播 더 테러 라이브,8.7,684005,金秉祐,"河正宇, 李璟荣, 全慧珍, 李大卫, 金弘波, 崔正贤, 崔代勋, 姜信哲, 韩成天, 孙成灿, 金素辰, 金大明, 金海仁","剧情, 悬疑, 犯罪",电影,2013-07-31(韩国),97分钟,"韩国首尔某个平凡的早上，广播电台Daily Topic节目的主持人尹英华（河正宇 饰）正就税率改革与听众进行连线，这时一个自称住在首尔昌信洞的普通工人朴鲁圭打入电话，大肆抱怨超高的电费和相关部门对他的威胁。尹英华颇不耐烦，以偏离主题为由强行切断电话。谁知连线无法单方面由电台方面中断，愤怒的朴鲁圭继续抱怨，并扬言炸掉汉江大桥。尹英华不以为然，进而怂恿对方想做就做，谁知话音刚落，窗外的麻浦大桥便炸作废墟。大惊失色的尹英华很快冷静下来，他决定利用这次难得的机会打一次事业的翻身仗。
                                    
                                　　在他的主持下，针对恐怖分子的连线直播就此展开，无关良知的节目拉开帷幕……",https://img9.doubanio.com/view/photo/s_ratio_poster/public/p2016930906.jpg,韩国,韩语,死亡“动”新闻(港) / 恐怖攻击直播(台) / The Terror Live / 90 Minutes of Terror,tt2990738,https://movie.douban.com/subject/21360417/,1
心慌方2：超立方体 Cube 2: Hypercube,6.8,66822,安德列·塞库拉,"卡瑞·玛切特, 格兰特·维恩·戴维斯, 格蕾丝·林恩·孔, Matthew Ferguson, 尼尔·克容, Barbara Gordon, Lindsey Connell, Greer Kent, 布鲁斯·加里, 菲利普·阿金, Paul Robbins, Andrew Scorer","科幻, 悬疑, 惊悚, 恐怖",电影,2002-04-15(美国),94分钟,"8个身份不同且互不相识的陌生人在同一时间醒来，发觉自己身处在一个立方体形状的房间内，没有人记得他们是怎么来到这的，也没有人知晓自己身处何方。几个人经过调查发现，立方体的上下左右四个面各有一道门，联通着另外一处相同的立方体，而不同的只是各个房间内的机关陷阱。整个建筑的结构 仿佛一个布满危机的魔方大厦，并且充斥着现代科学难解的超自然现象，8人历尽千难万险，陆续有人横遭不测，究竟谁才能从噩梦中挣脱？
                                    
                                　　本片是小成本高口碑加拿大科幻惊悚片《立方体》（又名异次元杀阵）时隔四年后的续集，由好莱坞B级片王者狮门影业制作发行。影片延续了前代的故事架构，并进一步的引入了四维空间的概念，使得电影整体风格更加抽象和奇特。",https://img1.doubanio.com/view/photo/s_ratio_poster/public/p2199854810.jpg,加拿大,英语,异次元杀阵2：超级立方体 / 心慌方·超立方体 / Cube²: Hypercube,tt0285492,https://movie.douban.com/subject/1305306/,1
坚如磐石,6.0,357607,张艺谋,"雷佳音, 张国立, 于和伟, 周冬雨, 孙艺洲, 李乃文, 许亚军, 田雨, 何政军, 徐子力, 林博洋, 陈童, 陈道明, 陈冲, 王迅, 赵亮, 焦刚, 楚布花羯","剧情, 动作, 犯罪",电影,2023-09-28(中国大陆),127分钟,"西南重镇金江市，一起公交汽车劫持爆炸案撬动了这座城市盘根错节的利益网。金五集团董事长黎志田（于和伟 饰）横跳政商两界，飞扬跋扈。而他的背后，金江市副市长郑刚（张国立 饰）则与之勾搭不清，相互牵制。郑刚的养子苏见明（雷佳音 饰）现供职于市公安局技术科，公交爆炸案的种种疑点令他察觉背后主使另有他人，于是执意追查幕后真相。另一方面，中央派来的调查组进驻金江市，其毫不妥协的气势令郑刚如坐针毡，为此不惜铤而走险，丢卒保车。然而以利益结成的同盟，不仅脆弱，更灭不了鱼死网破。
                                    
                                　　钱外有钱，官上有官，无休无止的利益黑洞，裹挟覆灭了多少贪婪之徒……",https://img3.doubanio.com/view/photo/s_ratio_poster/public/p2896319483.jpg,中国大陆,汉语普通话,黑洞 / Under the Light,tt11448070,https://movie.douban.com/subject/33447633/,1
涉过愤怒的海,7.2,491695,曹保平,"黄渤, 周迅, 祖峰, 张宥浩, 周依然, 颜北, 孙安可, 闫妮, 王迅, 阿部力, 施诗, 谢锐韬","剧情, 悬疑, 犯罪",电影,2023-11-25(中国大陆),144分钟,老金（黄渤 饰）为供女儿金丽娜（周依然 饰）留学终日捕鱼，却换来女儿身中17刀离奇身亡的死讯，最大嫌疑人则指向她的男友李苗苗（张宥浩 饰）。愤怒的老金踏上跨海寻仇之路，李苗苗却在母亲景岚（周迅 饰）的庇护下不断潜逃……这场人性迷局中，究竟谁能抵达爱与宽恕的彼岸？,https://img1.doubanio.com/view/photo/s_ratio_poster/public/p2900852349.jpg,中国大陆,汉语普通话 / 日语 / 德语 / 胶辽官话,怒海 / Across the Furious Sea,tt12151818,https://movie.douban.com/subject/33456512/,1
帝王计划：怪兽遗产 第一季 Monarch: Legacy of Monsters Season 1,6.0,11981,马特·沙克曼,"库尔特·拉塞尔, 怀亚特·拉塞尔, 山本真理, 泽井杏奈, 渡部莲, 科雷西·克莱门斯, 安德雷斯·霍尔姆, 克里斯托弗·海尔达尔, 乔·蒂皮特, 艾莉莎·拉索斯基, 米蕾莉·泰勒, 平岳大, 久藤今日子, 富田谭玲, 洁斯·萨尔圭罗, 布鲁斯·白智勋, 卡米尔·莱格, 多米尼克·蒂珀, 约翰·古德曼, 辻翔太, 利奥·阿希扎瓦, 马修·麦考尔","动作, 科幻, 冒险",电视剧,2023-11-17(美国),50分钟,故事设定在《哥斯拉2：怪兽之王》里哥斯拉和泰坦巨兽之间的惊天大战夷平了旧金山，以及确认怪兽是真实存在的现状后，凯特再次被一个令人震惊的秘密吓坏了。面对巨大的威胁，她踏上了环球冒险之旅，以了解有关家人和名为“帝王”之神秘组织的真相。,https://img3.doubanio.com/view/photo/s_ratio_poster/public/p2899382957.jpg,美国 / 日本,英语,帝王组织：怪兽遗产 / 君主组织与神秘巨兽(港) / 君主计画：神秘组织与怪兽之谜(台),tt17220216,https://movie.douban.com/subject/35745750/,10
哥斯拉2：怪兽之王 Godzilla: King of the Monsters,6.2,283077,迈克尔·道赫蒂,"凯尔·钱德勒, 维拉·法米加, 米莉·波比·布朗, 章子怡, 渡边谦, 布莱德利·惠特福德, 托马斯·米德蒂奇, 艾莎·辛德斯, 莎莉·霍金斯, 查尔斯·丹斯, 大卫·斯特雷泽恩, 小奥谢拉·杰克逊, 希·庞德, 安东尼·拉莫斯, 杰森·莱尔斯, 乔纳森·霍华德, 莱尔·布罗卡托, 兰德尔·P·海文斯, T·C·马特恩, 吉米·冈萨雷斯, 萨莎·里翁达, 文斯·福斯特, 贾斯蒂斯·利克, 菲奥娜·哈丁汉姆, 露西·卡罗尔, 约书亚·利瑞, 艾伦·马克森, 肯尼斯·以色列, 阿尔·维森特, 塞西尔·M·亨利, 迈克尔·大卫·育尔, 本杰明·韦弗, 卡梅伦·布鲁姆布罗, 帕蒂·舍尔哈斯, 理查德·多顿, 詹姆斯·斯特林, 麦克斯威尔·海史密斯, 贾斯汀·斯劳特, 肖恩·索斯, 马科·查卡, 蒂莫西·卡尔","动作, 科幻, 冒险, 灾难",电影,2019-05-31(中国大陆/美国),132分钟,"五年前的“旧金山事件”虽已平息，但是帝王组织对泰坦巨兽的研究从未停止。这一日，位于61号基地的巨兽摩斯拉破茧而出。艾玛·罗素博士（维拉·法米加 Vera Farmiga 饰）利用手中的声波设备与暴走的摩斯拉建立联系，可是突然闯入的雇佣兵却将一切引向不可预测的方向。原来劫走艾玛的艾伦（凯尔·钱德勒 Kyle Chandler 饰），试图借助声波设备唤醒正沉睡在冰川中的远古巨兽基多拉。另一方面，芹泽博士（渡边谦 饰）辗转找到马克（凯尔·钱德勒 Kyle Chandler 饰），希望他能一同救回马克的前妻——艾玛博士。
                                    
                                　　然而事态逐渐失控，在人类欲望的趋势下，巨兽相继苏醒，更大的灾难笼罩在地球上空……",https://img1.doubanio.com/view/photo/s_ratio_poster/public/p2554370800.jpg,美国 / 日本 / 中国大陆,英语,哥斯拉：怪兽之王 / 哥斯拉II: 王者巨兽(港) / 哥吉拉II怪兽之王(台) / 哥斯拉2 / 哥斯拉2018 / Godzilla 2,tt3741700,https://movie.douban.com/subject/25890017/,1
粽邪3：鬼门开 粽邪3：鬼門開,5.6,4580,廖士涵,"张庭瑚, 李兴文, 吴奕蓉, 许安植, 陈博正, 刘国劭, 李明仓, 王彩桦, 黄柔闽, 陈为民, 曾莞婷, 邹承恩, 陈雪甄, 施冬麟, 许莉廷, 陈少卉, 陈昭妃, 姜仁, 游否希, 吴承洋","惊悚, 恐怖",电影,2023-08-25(中国台湾),109分钟,讲述冠宇（张庭瑚 饰）因与父亲武雄（李兴文 饰）不合，为了赚钱早日搬离家，与好友龟仔（李明仓 饰）一起到旅社打工，不料打扫的房间竟有人自缢身亡，房内充斥不祥的泰国符号，而旅社老板娘（吴奕蓉 饰）更是举止诡异，整间旅社弥漫着死亡的气息，向冠宇席卷而来。,https://img3.doubanio.com/view/photo/s_ratio_poster/public/p2891086982.jpg,中国台湾,汉语普通话 / 闽南语,The Rope Curse 3,tt27941077,https://movie.douban.com/subject/36118052/,1
